JohnsonEmily,3e2d1c9b,Emily,Johnson,456 Elm St,Los Angeles
BrownJack,2c1b9a8,Jack,Brown,789 Oak St,Chicago
DavisSarah,1b9a8f7,Sarah,Davis,901 Maple St,Houston
LeeMichael,8f7e6d5,Michael,Lee,234 Pine St,Phoenix
MartinRachel,7e6d5c4,Rachel,Martin,345 Cedar St,Philadelphia
HallJames,5b4a3c2,James,Hall,678 Willow St,San Francisco
ThompsonOlivia,3c2b1a9,Olivia,Thompson,890 Cherry St,Miami
WhiteEthan,2a9b8c7,Ethan,White,111 Birch St,Boston
PatelLily,8c7a6b5,Lily,Patel,222 Spruce St,Atlanta
LeeBenjamin,6b5a4c3,Benjamin,Lee,333 Ash St,Dallas
GarciaAva,4c3b2a,Ava,Garcia,444 Maple St,Seattle
KimJulian,3b2a9b8,Julian,Kim,555 Oak St,Denver
BrownIsabella,2a9b8c7,Isabella,Brown,666 Pine St,Washington D.C.
MartinGabriel,8c7a6b5,Gabriel,Martin,777 Elm St,Nashville
JohnsonSophia,6b5a4c3,Sophia,Johnson,888 Cedar St,Minneapolis
LeeAlexander,4c3b2a,Alexander,Lee,999 Main St,Kansas City
DavisCharlotte,3b2a9b8,Charlotte,Davis,1010 Maple St,St. Louis
ThompsonJulian,2a9b8c7,Julian,Thompson,1111 Birch St,Columbus
HallEthan,8c7a6b5,Ethan,Hall,1212 Spruce St,Indianapolis
PatelLily,6b5a4c3,Lily,Patel,1313 Cherry St,Charlotte
LeeBenjamin,4c3b2a,Benjamin,Lee,1414 Ash St,Detroit
GarciaAva,3b2a9b8,Ava,Garcia,1515 Maple St,Baltimore
KimIsabella,2a9b8c7,Isabella,Kim,1616 Pine St,Portland
BrownGabriel,8c7a6b5,Gabriel,Brown,1717 Elm St,Milwaukee
JohnsonSophia,6b5a4c3,Sophia,Johnson,1818 Cedar St,Cleveland
LeeAlexander,4c3b2a,Alexander,Lee,1919 Main St,Memphis
DavisCharlotte,3b2a9b8,Charlotte,Davis,2020 Maple St,New Orleans
ThompsonJulian,2a9b8c7,Julian,Thompson,2121 Birch St,Oklahoma City
HallEthan,8c7a6b5,Ethan,Hall,2222 Spruce St,Albuquerque
PatelLily,6b5a4c3,Lily,Patel,2323 Cherry St,Tucson
LeeBenjamin,4c3b2a,Benjamin,Lee,2424 Ash St,Louisville
GarciaAva,3b2a9b8,Ava,Garcia,2525 Maple St,Cincinnati
KimIsabella,2a9b8c7,Isabella,Kim,2626 Pine St,Pittsburgh
BrownGabriel,8c7a6b5,Gabriel,Brown,2727 Elm St,Sacramento
JohnsonSophia,6b5a4c3,Sophia,Johnson,2828 Cedar St,Kansas City
LeeAlexander,4c3b2a,Alexander,Lee,2929 Main St,St. Louis
DavisCharlotte,3b2a9b8,Charlotte,Davis,3030 Maple St,Columbus
ThompsonJulian,2a9b8c7,Julian,Thompson,3131 Birch St,Indianapolis
HallEthan,8c7a6b5,Ethan,Hall,3232 Spruce St,Charlotte
PatelLily,6b5a4c3,Lily,Patel,3333 Cherry St,Baltimore
LeeBenjamin,4c3b2a,Benjamin,Lee,3434 Ash St,Portland
GarciaAva,3b2a9b8,Ava,Garcia,3535 Maple St,Milwaukee
KimIsabella,2a9b8c7,Isabella,Kim,3636 Pine St,Cleveland
BrownGabriel,8c7a6b5,Gabriel,Brown,3737 Elm St,Memphis
JohnsonSophia,6b5a4c3,Sophia,Johnson,3838 Cedar St,New Orleans
LeeAlexander,4c3b2a,Alexander,Lee,3939 Main St,Oklahoma City
DavisCharlotte,3b2a9b8,Charlotte,Davis,4040 Maple St,Albuquerque
ThompsonJulian,2a9b8c7,Julian,Thompson,4141 Birch St,Tucson
HallEthan,8c7a6b5,Ethan,Hall,4242 Spruce St,Louisville
PatelLily,6b5a4c3,Lily,Patel,4344 Cherry St,Cincinnati
LeeBenjamin,4c3b2a,Benjamin,Lee,4444 Ash St,Pittsburgh
GarciaAva,3b2a9b8,Ava,Garcia,4545 Maple St,Sacramento
KimIsabella,2a9b8c7,Isabella,Kim,4646 Pine St,Kansas City
BrownGabriel,8c7a6b5,Gabriel,Brown,4747 Elm St,St. Louis
JohnsonSophia,6b5a4c3,Sophia,Johnson,4848 Cedar St,Columbus
LeeAlexander,4c3b2a,Alexander,Lee,4949 Main St,Indianapolis
DavisCharlotte,3b2a9b8,Charlotte,Davis,5050 Maple St,Charlotte
ThompsonJulian,2a9b8c7,Julian,Thompson,5151 Birch St,Baltimore
HallEthan,8c7a6b5,Ethan,Hall,5252 Spruce St,Portland
PatelLily,6b5a4c3,Lily,Patel,5353 Cherry St,Milwaukee
LeeBenjamin,4c3b2a,Benjamin,Lee,5455 Ash St,Cleveland
GarciaAva,3b2a9b8,Ava,Garcia,5555 Maple St,Memphis
KimIsabella,2a9b8c7,Isabella,Kim,5656 Pine St,New Orleans
BrownGabriel,8c7a6b5,Gabriel,Brown,5757 Elm St,Oklahoma City
JohnsonSophia,6b5a4c3,Sophia,Johnson,5858 Cedar St,Albuquerque
LeeAlexander,4c3b2a,Alexander,Lee,5959 Main St,Tucson
DavisCharlotte,3b2a9b8,Charlotte,Davis,6060 Maple St,Louisville
ThompsonJulian,2a9b8c7,Julian,Thompson,6161 Birch St,Cincinnati
HallEthan,8c7a6b5,Ethan,Hall,6262 Spruce St,Pittsburgh
PatelLily,6b5a4c3,Lily,Patel,6363 Cherry St,Sacramento
LeeBenjamin,4c3b2a,Benjamin,Lee,6464 Ash St,Kansas City
GarciaAva,3b2a9b8,Ava,Garcia,6566 Maple St,St. Louis
KimIsabella,2a9b8c7,Isabella,Kim,6666 Pine St,Columbus
BrownGabriel,8c7a6b5,Gabriel,Brown,6767 Elm St,Indianapolis
JohnsonSophia,6b5a4c3,Sophia,Johnson,6868 Cedar St,Charlotte
LeeAlexander,4c3b2a,Alexander,Lee,6969 Main St,Baltimore
DavisCharlotte,3b2a9b8,Charlotte,Davis,7070 Maple St,Portland
ThompsonJulian,2a9b8c7,Julian,Thompson,7171 Birch St,Milwaukee
HallEthan,8c7a6b5,Ethan,Hall,7272 Spruce St,Cleveland
PatelLily,6b5a4c3,Lily,Patel,7373 Cherry St,Memphis
LeeBenjamin,4c3b2a,Benjamin,Lee,7474 Ash St,New Orleans
GarciaAva,3b2a9b8,Ava,Garcia,7575 Maple St,Oklahoma City
KimIsabella,2a9b8c7,Isabella,Kim,7676 Pine St,Albuquerque
BrownGabriel,8c7a6b5,Gabriel,Brown,7777 Elm St,Tucson
JohnsonSophia,6b5a4c3,Sophia,Johnson,7878 Cedar St,Louisville
LeeAlexander,4c3b2a,Alexander,Lee,7979 Main St,Cincinnati
DavisCharlotte,3b2a9b8,Charlotte,Davis,8080 Maple St,Pittsburgh
ThompsonJulian,2a9b8c7,Julian,Thompson,8181 Birch St,Sacramento
HallEthan,8c7a6b5,Ethan,Hall,8282 Spruce St,Kansas City
PatelLily,6b5a4c3,Lily,Patel,8383 Cherry St,St. Louis
LeeBenjamin,4c3b2a,Benjamin,Lee,8484 Ash St,Columbus
GarciaAva,3b2a9b8,Ava,Garcia,8585 Maple St,Indianapolis
KimIsabella,2a9b8c7,Isabella,Kim,8686 Pine St,Charlotte
BrownGabriel,8c7a6b5,Gabriel,Brown,8787 Elm St,Baltimore
JohnsonSophia,6b5a4c3,Sophia,Johnson,8888 Cedar St,Portland
LeeAlexander,4c3b2a,Alexander,Lee,8989 Main St,Milwaukee
DavisCharlotte,3b2a9b8,Charlotte,Davis,9090 Maple St,Cleveland
ThompsonJulian,2a9b8c7,Julian,Thompson,9191 Birch St,Memphis
HallEthan,8c7a6b5,Ethan,Hall,9292 Spruce St,New Orleans
PatelLily,6b5a4c3,Lily,Patel,9393 Cherry St,Oklahoma City
LeeBenjamin,4c3b2a,Benjamin,Lee,9494 Ash St,Tucson
GarciaAva,3b2a9b8,Ava,Garcia,9595 Maple St,Louisville
KimIsabella,2a9b8c7,Isabella,Kim,9696 Pine St,Cincinnati
BrownGabriel,8c7a6b5,Gabriel,Brown,9797 Elm St,Pittsburgh
JohnsonSophia,6b5a4c3,Sophia,Johnson,9898 Cedar St,Sacramento
LeeAlexander,4c3b2a,Alexander,Lee,9999 Main St,Kansas City
DavisCharlotte,3b2a9b8,Charlotte,Davis,10000 Maple St,Columbus
ThompsonJulian,2a9b8c7,Julian,Thompson,10101 Birch St,Indianapolis
HallEthan,8c7a6b5,Ethan,Hall,10202 Spruce St,Charlotte
PatelLily,6b5a4c3,Lily,Patel,10303 Cherry St,Baltimore
LeeBenjamin,4c3b2a,Benjamin,Lee,10404 Ash St,Portland
GarciaAva,3b2a9b8,Ava,Garcia,10505 Maple St,Milwaukee
KimIsabella,2a9b8c7,Isabella,Kim,10606 Pine St,Cleveland
BrownGabriel,8c7a6b5,Gabriel,Brown,10707 Elm St,Memphis
JohnsonSophia,6b5a4c3,Sophia,Johnson,10808 Cedar St,New Orleans
LeeAlexander,4c3b2a,Alexander,Lee,10909 Main St,Oklahoma City
DavisCharlotte,3b2a9b8,Charlotte,Davis,11010 Maple St,Tucson
ThompsonJulian,2a9b8c7,Julian,Thompson,11111 Birch St,Louisville
HallEthan,8c7a6b5,Ethan,Hall,11212 Spruce St,Cincinnati
PatelLily,6b5a4c3,Lily,Patel,11313 Cherry St,Pittsburgh
LeeBenjamin,4c3b2a,Benjamin,Lee,11414 Ash St,Sacramento
GarciaAva,3b2a9b8,Ava,Garcia,11515 Maple St,Kansas City
KimIsabella,2a9b8c7,Isabella,Kim,11616 Pine St,Columbus
BrownGabriel,8c7a6b5,Gabriel,Brown,11717 Elm St,Indianapolis
JohnsonSophia,6b5a4c3,Sophia,Johnson,11818 Cedar St,Charlotte
LeeAlexander,4c3b2a,Alexander,Lee,11919 Main St,Baltimore
DavisCharlotte,3b2a9b8,Charlotte,Davis,12020 Maple St,Portland
ThompsonJulian,2a9b8c7,Julian,Thompson,12121 Birch St,Milwaukee
HallEthan,8c7a6b5,Ethan,Hall,12222 Spruce St,Cleveland
PatelLily,6b5a4c3,Lily,Patel,12323 Cherry St,Memphis
LeeBenjamin,4c3b2a,Benjamin,Lee,12424 Ash St,New Orleans
GarciaAva,3b2a9b8,Ava,Garcia,12525 Maple St,Oklahoma City
KimIsabella,2a9b8c7,Isabella,Kim,12626 Pine St,Albuquerque
BrownGabriel,8c7a6b5,Gabriel,Brown,12727 Elm St,Tucson
JohnsonSophia,6b5a4c3,Sophia,Johnson,12828 Cedar St,Louisville
LeeAlexander,4c3b2a,Alexander,Lee,12929 Main St,Cincinnati
DavisCharlotte,3b2a9b8,Charlotte,Davis,13030 Maple St,Pittsburgh
ThompsonJulian,2a9b8c7,Julian,Thompson,13131 Birch St,Sacramento
HallEthan,8c7a6b5,Ethan,Hall,13232 Spruce St,Kansas City
PatelLily,6b5a4c3,Lily,Patel,13333 Cherry St,St. Louis
LeeBenjamin,4c3b2a,Benjamin,Lee,13434 Ash St,Columbus
GarciaAva,3b2a9b8,Ava,Garcia,13535 Maple St,Indianapolis
KimIsabella,2a9b8c7,Isabella,Kim,13636 Pine St,Charlotte
BrownGabriel,8c7a6b5,Gabriel,Brown,13737 Elm St,Baltimore
JohnsonSophia,6b5a4c3,Sophia,Johnson,13838 Cedar St,Portland
LeeAlexander,4c3b2a,Alexander,Lee,13939 Main St,Milwaukee
DavisCharlotte,3b2a9b8,Charlotte,Davis,14040 Maple St,Cleveland
ThompsonJulian,2a9b8c7,Julian,Thompson,14141 Birch St,Memphis
HallEthan,8c7a6b5,Ethan,Hall,14242 Spruce St,New Orleans
PatelLily,6b5a4c3,Lily,Patel,14343 Cherry St,Oklahoma City
LeeBenjamin,4c3b2a,Benjamin,Lee,14444 Ash St,Tucson
